{
    "loss": 0.5882683396339417,
    "accuracy": 0.8269230723381042
}