{
    "loss": 12.555787086486816,
    "accuracy": 0.692307710647583
}